AREA_SQ_MI,AREA_ACRE,PERIMETER,Trigger_,Shape__Area,Shape__Length,OBJECTID,NAME,FIELD_CODE,StartDate,EndDate,NoticeDate,District_pre2018,District,District_Label
2.91,1861,6.83,,10632758.449493,13038.6181880028,608,Bandini,034,1111/01/01 00:00:00+00,,,1,Southern,Southern District
0.78,489.5,3.57,,3022514.52805497,6999.00927530465,609,"Los Angeles, East",426,1111/01/01 00:00:00+00,,,1,Southern,Southern District
5.82,3727,12.14,,21609212.568579,23421.9626848708,610,Montebello,478,1111/01/01 00:00:00+00,,,1,Southern,Southern District
0.66,420,3.57,,2410458.66185753,6862.05515661931,611,Lapworth (ABD),378,1111/01/01 00:00:00+00,,,1,Southern,Southern District
0.98,624.5,3.95,,3687335.28170417,7680.66016584223,612,"Whittier Heights, North (ABD)",838,1111/01/01 00:00:00+00,,,1,Southern,Southern District
0.94,600,3.88,,3536966.56116519,7531.523766026,613,Turnbull (ABD),796,1111/01/01 00:00:00+00,,,1,Southern,Southern District
0.97,618.9,3.93,,3756639.34289001,7753.8613504676,614,Walnut,820,1111/01/01 00:00:00+00,,,1,Southern,Southern District
0.53,341.2,2.92,,2022894.41027963,5694.11774240818,615,Rowland (ABD),630,1111/01/01 00:00:00+00,,,1,Southern,Southern District
5.4,3466,15.96,,20308787.2132719,31066.297142639,616,Whittier,836,1111/01/01 00:00:00+00,,,1,Southern,Southern District
4.79,3071,11.17,,17570946.5221538,21363.148766261,617,Sansinena,660,1111/01/01 00:00:00+00,,,1,Southern,Southern District
11.88,7527,20.35,,44565760.4412117,39568.4642173133,618,Brea-Olinda,070,1111/01/01 00:00:00+00,,,1,Southern,Southern District
3.34,2331,7.86,,13370223.0127811,15888.5649855794,619,Yorba Linda (ABD),856,1111/01/01 00:00:00+00,,,1,Southern,Southern District
9.26,5838,15.21,,33865539.3140347,28961.6054978719,620,"Coyote, East",178,1111/01/01 00:00:00+00,,,1,Southern,Southern District
7.07,4523,11.07,,26498823.1365457,21420.6239200907,621,"Coyote, West (ABD)",180,1111/01/01 00:00:00+00,,,1,Southern,Southern District
8.29,5057,12.18,,31220536.1276824,23643.414861759,622,Richfield,598,1111/01/01 00:00:00+00,,,1,Southern,Southern District
1.48,972.2,4.97,,5732711.37761455,9816.95809401795,623,Leffingwell (ABD),396,1111/01/01 00:00:00+00,,,1,Southern,Southern District
4.27,2731,9.24,,15692149.5056033,17738.6124611217,624,Santa Fe Springs,666,1111/01/01 00:00:00+00,,,1,Southern,Southern District
0.1,65.38,1.31,,385187.60859294,2538.56660026277,625,Newgate (ABD),496,1111/01/01 00:00:00+00,,,1,Southern,Southern District
0.74,472.4,3.99,,2827943.91818905,7745.18994393531,626,La Mirada (ABD),376,1111/01/01 00:00:00+00,,,1,Southern,Southern District
0.69,441.7,3.34,,2611304.65902547,6494.80130552604,627,"Buena Park, East (ABD)",076,1111/01/01 00:00:00+00,,,1,Southern,Southern District
1.48,945,4.96,,5541255.77436926,9604.57296805941,628,Olive,522,1111/01/01 00:00:00+00,,,1,Southern,Southern District
0.14,88.5,1.55,,519096.78042387,2996.99894144657,629,Anaheim (ABD),014,1111/01/01 00:00:00+00,,,1,Southern,Southern District
1.17,745.2,4.35,,4561861.46178397,8610.42861593443,630,Kraemer (ABD),360,1111/01/01 00:00:00+00,,,1,Southern,Southern District
0.06,17.6,0.97,,99522.410169995,1343.5850434454,631,"Kraemer, West (ABD)",364,1111/01/01 00:00:00+00,,,1,Southern,Southern District
0.98,629.9,3.97,,3709855.5319747,7717.18032181547,632,Esperanza,240,1111/01/01 00:00:00+00,,,1,Southern,Southern District
0.29,189.5,2.17,,1076813.30439302,4155.53582886971,633,"Kraemer, Northeast (ABD)",362,1111/01/01 00:00:00+00,,,1,Southern,Southern District
0.56,368.9,2.99,,2178157.70931517,5907.03790339859,634,Chino-Soquel,142,1111/01/01 00:00:00+00,,,1,Southern,Southern District
4.79,3084,12.08,,17671381.8766226,23038.7744411167,635,Mahala,440,1111/01/01 00:00:00+00,,,1,Southern,Southern District
2.24,1455,8.8,,8390843.28665778,17360.3239742764,636,Prado-Corona,572,1111/01/01 00:00:00+00,,,1,Southern,Southern District
1.78,1138,5.68,,6854291.36980182,11011.2513689571,637,Sunset Beach (ABD),728,1111/01/01 00:00:00+00,,,1,Southern,Southern District
0.51,327.6,3.02,,1928082.58185698,5867.90212763292,639,Talbert (ABD),740,1111/01/01 00:00:00+00,,,1,Southern,Southern District
1.6,1124,5.34,,6716865.08631228,10719.2394484191,641,Newport,502,1111/01/01 00:00:00+00,,,1,Southern,Southern District
3.03,1674,8.3,,9374787.68591456,13981.4040983981,642,Belmont Offshore,048,1111/01/01 00:00:00+00,,,1,Southern,Southern District
0,428.9,0,,2600772.31793849,6613.19611558301,643,Long Beach Airport,414,1111/01/01 00:00:00+00,,,1,Southern,Southern District
2.39,1555,9.68,,9199875.15871334,18453.4083116767,644,Los Angeles City,422,1111/01/01 00:00:00+00,,,1,Southern,Southern District
3.66,2001,10.49,,11817625.7372102,20792.0444341785,645,Beverly Hills,054,1111/01/01 00:00:00+00,,,1,Southern,Southern District
1.81,1324,7.49,,7832115.04464758,14802.375802253,646,Cheviot Hills,136,1111/01/01 00:00:00+00,,,1,Southern,Southern District
0.71,455.7,4.48,,2700248.86336675,8572.18051364163,647,Sawtelle,682,1111/01/01 00:00:00+00,,,1,Southern,Southern District
0.76,4801,5.32,,2836444.16198306,10413.7395489691,648,"Salt Lake, South",642,1111/01/01 00:00:00+00,,,1,Southern,Southern District
3.12,2068,9.23,,12386461.0075899,18531.0940992594,649,Salt Lake,640,1111/01/01 00:00:00+00,,,1,Southern,Southern District
1.02,738.4,4.92,,4342957.47627179,9867.9547978427,650,San Vicente,674,1111/01/01 00:00:00+00,,,1,Southern,Southern District
0.11,77.1,1.43,,456559.09762038,2852.93815265852,651,Sherman (ABD),704,1111/01/01 00:00:00+00,,,1,Southern,Southern District
0.83,490.3,3.69,,2892791.44332262,6883.41982091275,652,Los Angeles Downtown,424,1111/01/01 00:00:00+00,,,1,Southern,Southern District
3.54,2170,13.29,,12738259.9213601,25350.1865718199,653,Las Cienegas,382,1111/01/01 00:00:00+00,,,1,Southern,Southern District
3.55,2359,10.72,,13912041.9520841,20986.250012685,654,Inglewood,324,1111/01/01 00:00:00+00,,,1,Southern,Southern District
2.09,1262,9.02,,7445327.07897806,17132.4125611235,655,Potrero (ABD),568,1111/01/01 00:00:00+00,,,1,Southern,Southern District
2.88,1800,7.04,,10625614.4533608,13696.8363661777,656,Playa Del Rey,554,1111/01/01 00:00:00+00,,,1,Southern,Southern District
1.53,973.9,5.54,,5525870.79565472,10516.453803361,657,Venice Beach (ABD),812,1111/01/01 00:00:00+00,,,1,Southern,Southern District
0.44,283,2.71,,1445593.75776626,4879.44199299167,658,Union Station (ABD),804,1111/01/01 00:00:00+00,,,1,Southern,Southern District
0.52,316,3.07,,1866409.96841654,5793.53548405657,659,Boyle Heights (ABD),068,1111/01/01 00:00:00+00,,,1,Southern,Southern District
0.47,298.5,2.89,,1668178.70927702,5515.12783565632,660,Hyperion,322,1111/01/01 00:00:00+00,,,1,Southern,Southern District
2.94,1820,9.11,,10736209.6807727,17521.80104865,661,El Segundo,232,1111/01/01 00:00:00+00,,,1,Southern,Southern District
1.25,734.6,5.55,,4342407.99018341,10246.7011932915,662,Lawndale (ABD),394,1111/01/01 00:00:00+00,,,1,Southern,Southern District
0.37,236.7,2.5,,1423267.181897,4860.05822601654,663,Alondra (ABD),012,1111/01/01 00:00:00+00,,,1,Southern,Southern District
1.99,1192,7,,7028947.24684438,13616.5094747848,664,Howard Townsite,316,1111/01/01 00:00:00+00,,,1,Southern,Southern District
2.01,1236,7.19,,7309434.53217799,13723.9753125746,665,Rosecrans,618,1111/01/01 00:00:00+00,,,1,Southern,Southern District
0.54,359.4,3.31,,2129493.16581455,6385.31016719608,666,"Rosecrans, South",622,1111/01/01 00:00:00+00,,,1,Southern,Southern District
5.72,3546,13.5,,20925088.7198867,25498.4525399847,667,Dominguez,208,1111/01/01 00:00:00+00,,,1,Southern,Southern District
0.22,10.2,2.18,,726558.89264766,3928.83700066594,669,Gaffey (ABD),258,1111/01/01 00:00:00+00,,,1,Southern,Southern District
0.16,103.7,1.72,,524906.39305849,3103.73492505802,670,"Rosecrans, East",620,1111/01/01 00:00:00+00,,,1,Southern,Southern District
0,0,0,,45824106.1442237,45092.0208370295,671,Desert Hot Springs,G2-,1111/01/01 00:00:00+00,,,G2,Southern,Southern District
0.16,100.9,1.64,,606507.68126959,3216.93856352156,673,Cristianitos Creek (ABD),182,1111/01/01 00:00:00+00,,,1,Southern,Southern District
0.98,639.2,3.97,,3818989.65914804,7818.02254937044,674,Holser,304,1111/01/01 00:00:00+00,,,2,Northern,Northern District
2.67,1756,8.49,,10119761.8931979,16643.1043546621,675,Ramona,586,1111/01/01 00:00:00+00,,,2,Northern,Northern District
5.03,3244,9.81,,19303407.9049187,19312.8130274296,676,Placerita,550,1111/01/01 00:00:00+00,,,2,Northern,Northern District
0.99,632,5.47,,3808464.82769827,10700.3863616814,677,Tapia,742,1111/01/01 00:00:00+00,,,2,Northern,Northern District
0.06,40.21,1.01,,230755.88712156,1922.17839906296,678,Charlie Canyon (ABD),132,1111/01/01 00:00:00+00,,,2,Northern,Northern District
3.58,2300,9.35,,13724819.331942,18156.9334475385,679,Honor Rancho,308,1111/01/01 00:00:00+00,,,2,Northern,Northern District
0.99,655.6,3.98,,3930660.74405049,7933.2200983221,680,Saugus (ABD),680,1111/01/01 00:00:00+00,,,2,Northern,Northern District
0.99,653.5,3.98,,3587247.27862626,7579.04472497807,681,Bouquet Canyon (ABD),064,1111/01/01 00:00:00+00,,,2,Northern,Northern District
0.76,486.7,3.85,,2934754.72346012,7614.79608925654,682,Wayside Canyon,824,1111/01/01 00:00:00+00,,,2,Northern,Northern District
2.41,1543,6.92,,9165241.16178071,13398.046257801,683,Oak Canyon,508,1111/01/01 00:00:00+00,,,2,Northern,Northern District
2.02,1314,7.36,,7979841.91370974,13732.987022217,684,Castaic Hills,124,1111/01/01 00:00:00+00,,,2,Northern,Northern District
0.28,149.9,2.13,,949334.100832255,3898.05242650415,685,"Ramona, North",588,1111/01/01 00:00:00+00,,,2,Northern,Northern District
0.74,483.1,5.46,,2874466.91684136,10790.5838190771,686,Hasley Canyon,298,1111/01/01 00:00:00+00,,,2,Northern,Northern District
5.83,3612,11.26,,21820294.5140638,22164.2906840707,687,Del Valle,198,1111/01/01 00:00:00+00,,,2,Northern,Northern District
4.85,3566,9.43,,20911434.7857687,19240.1490181525,689,Castaic Junction (ABD),126,1111/01/01 00:00:00+00,,,2,Northern,Northern District
0.62,408,3.16,,2479620.76201076,6312.75269148908,691,Lyon Canyon (ABD),438,1111/01/01 00:00:00+00,,,2,Northern,Northern District
1.02,678.1,4.04,,4021609.4341602,8031.29307339869,692,Cascade,120,1111/01/01 00:00:00+00,,,2,Northern,Northern District
1.24,807.5,5.53,,4311654.82826232,10709.149225717,693,Oat Mountain,519,1111/01/01 00:00:00+00,,,2,Northern,Northern District
5.31,3342,10.2,,20284275.1146766,21660.4542069879,694,Aliso Canyon,010,1111/01/01 00:00:00+00,,,2,Northern,Northern District
0.76,503.6,3.99,,2990483.98711298,7705.34772926427,695,Horse Meadows (ABD),312,1111/01/01 00:00:00+00,,,2,Northern,Northern District
0.78,495.6,4.05,,2936804.0275201,7709.81642132919,696,Mission (ABD),468,1111/01/01 00:00:00+00,,,2,Northern,Northern District
6.59,4215,10.65,,26718963.6479916,21476.387108539,697,Summerland Offshore (ABD),726,1111/01/01 00:00:00+00,,,2,Northern,Northern District
3.1,1983,7.87,,12348818.3068907,15390.5677527445,698,Carpinteria Offshore (ABD),118,1111/01/01 00:00:00+00,,,2,Northern,Northern District
2.78,2002,6.9,,11822436.9498514,14155.2628773453,699,Pacoima (ABD),531,1111/01/01 00:00:00+00,,,2,Northern,Northern District
0.26,169.5,2.06,,1028113.1495172,4056.32817132309,700,Canton Creek (ABD),110,1111/01/01 00:00:00+00,,,2,Northern,Northern District
7.88,5168,15.8,,46867589.0966509,37105.6504360796,701,Rincon,600,1111/01/01 00:00:00+00,,,2,Northern,Northern District
0.36,232.7,2.5,,1383606.9645926,4872.2386956464,702,Las Llajas,384,1111/01/01 00:00:00+00,,,2,Northern,Northern District
1.3,836.3,4.69,,5427215.64267055,9643.29394173405,704,Alegria Offshore (ABD),008,1111/01/01 00:00:00+00,,,3,Northern,Northern District
4.03,2595,8.23,,16210986.0345485,16409.8506379248,705,Caliente Offshore Gas (ABD),098,1111/01/01 00:00:00+00,,,3,Northern,Northern District
8.35,5398,12.55,,34430346.848697,24865.1786289224,706,Conception Offshore (ABD),166,1111/01/01 00:00:00+00,,,3,Northern,Northern District
4.37,2797,8.41,,17944012.4336071,17095.7702607621,707,Cuarta Offshore (ABD),184,1111/01/01 00:00:00+00,,,3,Northern,Northern District
3.14,2011,7.3,,11189496.414213,13849.907133678,708,Gaviota Offshore Gas (ABD),262,1111/01/01 00:00:00+00,,,3,Northern,Northern District
7.97,5079,13.19,,33496931.1725905,26656.1446450758,709,Molino Offshore Gas (ABD),472,1111/01/01 00:00:00+00,,,3,Northern,Northern District
1.61,1028,5.62,,5943000.67393642,10826.2380733565,710,Naples Offshore Gas (ABD),494,1111/01/01 00:00:00+00,,,3,Northern,Northern District
2.88,1974,6.81,,11772751.0063278,13800.0773681232,711,Point Conception (ABD),562,1111/01/01 00:00:00+00,,,3,Northern,Northern District
16.71,10780,21.72,,64760467.0096425,42248.2347788425,712,"Elwood, South, Offshore",236,1111/01/01 00:00:00+00,,,3,Northern,Northern District
5.39,1072.27,18,,6709170.14777062,10788.901345003,713,Ant Hill,018,1111/01/01 00:00:00+00,,,4,Inland,Inland District
11.05,2798.19,20,,17290886.3369741,21904.6919954033,714,Antelope Hills,020,1111/01/01 00:00:00+00,,,4,Inland,Inland District
13.38,2589.83,32,,18114405.6267215,29001.7827363863,715,Asphalto,032,2005/02/23 00:00:00+00,,,4,Inland,Inland District
3.98,632.46,40,,3960142.30170534,7960.08080094878,716,Beer Nose,040,1111/01/01 00:00:00+00,,,4,Inland,Inland District
25.76,9539.92,42,,60068670.613649,51699.6275086378,717,Belgian Anticline,042,2005/02/23 00:00:00+00,,,4,Inland,Inland District
10.49,2336.1,44,,14183930.5468125,20792.0851886353,718,Bellevue,044,2005/02/23 00:00:00+00,,,4,Inland,Inland District
9.32,2313.5,60,,14182995.8442368,18446.1765990881,719,Blackwells Corner,060,1111/01/01 00:00:00+00,,,4,Inland,Inland District
22.65,10322.91,66,,63224296.9164302,44555.9063565293,720,Bowerbank,066,1111/01/01 00:00:00+00,,,4,Inland,Inland District
40.08,29939.67,80,,182137898.609178,78955.0786220328,721,Buena Vista,080,2005/02/23 00:00:00+00,,,4,Inland,Inland District
15.98,6353.66,92,,39043868.2577145,31695.3023745516,722,Buttonwillow Gas (ABD),092,1111/01/01 00:00:00+00,,,4,Inland,Inland District
11.06,3566.08,95,,21478590.0732632,21786.7400348125,723,Cal Canal Gas,095,1983/01/20 00:00:00+00,,1993/01/20 00:00:00+00,4,Inland,Inland District
5.04,969.83,96,,5919137.3927756,9930.29601148299,724,Calders Corner,096,1111/01/01 00:00:00+00,,,4,Inland,Inland District
11.88,2475.55,104,,15106528.6466877,23675.0685862724,725,Canal,104,1111/01/01 00:00:00+00,,,4,Inland,Inland District
18.89,8428.31,106,,52000760.4157758,37713.7739718443,726,Canfield Ranch,106,1111/01/01 00:00:00+00,,,4,Inland,Inland District
4,641.32,115,,3940495.45276188,7944.62088400526,727,Capitola Park (ABD),115,1111/01/01 00:00:00+00,,,4,Inland,Inland District
5.96,948.24,690,,5913174.95723027,11910.5361843448,728,Carneros Creek,117,1111/01/01 00:00:00+00,,,4,Inland,Inland District
6.5,1525.29,140,,9988442.19036349,13298.759179677,729,Chico-Martinez,140,1111/01/01 00:00:00+00,,,4,Inland,Inland District
5.57,1234.83,160,,7292436.84595499,10853.4419492553,731,Comanche Point,160,1111/01/01 00:00:00+00,,,4,Inland,Inland District
34.33,13893.54,190,,83936722.172007,67427.4676481906,732,Cymric,190,2005/02/23 00:00:00+00,,,4,Inland,Inland District
12.99,4156.02,194,,25741797.5233062,25969.4060064656,733,Deer Creek,194,1111/01/01 00:00:00+00,,,4,Inland,Inland District
20.44,8177.02,204,,50328690.204515,40723.5562998817,734,Devils Den,204,1111/01/01 00:00:00+00,,,4,Inland,Inland District
2.98,312.42,221,,1901766.92780597,5861.1316957303,736,Eagle Rest (ABD),221,1981/07/13 00:00:00+00,,1981/07/13 00:00:00+00,4,Inland,Inland District
36.58,21805.59,222,,132460649.37738,72369.8590253492,737,Edison,222,1111/01/01 00:00:00+00,,,4,Inland,Inland District
4.54,696.89,238,,4158437.462843,8900.96552351739,739,English Colony (ABD),238,1111/01/01 00:00:00+00,,,4,Inland,Inland District
23.71,11770.24,256,,71677719.3851972,47142.2282598067,740,Fruitvale,256,1111/01/01 00:00:00+00,,,4,Inland,Inland District
9.83,2937.04,260,,18470827.6766691,19690.4000465529,741,Garrison City Gas (ABD),260,1111/01/01 00:00:00+00,,,4,Inland,Inland District
3.26,404,272,,2114602.39394791,6131.65876461379,742,Gonyer Anticline (ABD),272,1111/01/01 00:00:00+00,,,4,Inland,Inland District
8.12,1955.54,274,,11810178.2107374,15869.5106127323,743,Goosloo,274,1111/01/01 00:00:00+00,,,4,Inland,Inland District
17.55,6009.61,280,,36770387.4188365,34672.7165900722,744,Greeley,280,1111/01/01 00:00:00+00,,,4,Inland,Inland District
17.88,6581.67,328,,40714355.6821554,35576.9446576837,745,Jasmin,328,1111/01/01 00:00:00+00,,,4,Inland,Inland District
3.07,343.06,332,,1945362.53887724,5910.62781009729,746,Jerry Slough,332,1111/01/01 00:00:00+00,,,4,Inland,Inland District
24.47,16567.76,340,,101078745.585078,48458.345131565,747,Kern River,340,1111/01/01 00:00:00+00,,,4,Inland,Inland District
11.4,2651.04,336,,16288166.327291,22827.1538244815,748,Kern Bluff,336,1111/01/01 00:00:00+00,,,4,Inland,Inland District
23.89,12172.55,338,,74223600.0018536,47565.9662609645,749,Kern Front,338,1111/01/01 00:00:00+00,,,4,Inland,Inland District
4.99,793.28,372,,4895225.24310942,9889.02436008302,750,Lakeside (ABD),372,1111/01/01 00:00:00+00,,,4,Inland,Inland District
5.97,882.67,374,,8310578.73383741,17787.3287829462,751,Landslide,375,2005/02/23 00:00:00+00,,1985/12/04 00:00:00+00,4,Inland,Inland District
10.06,3881.07,428,,23542177.8561779,19818.7642175545,752,Los Lobos,428,1111/01/01 00:00:00+00,,,4,Inland,Inland District
10.67,2357.29,446,,14511111.584997,20911.8987833512,754,McDonald Anticline,450,1111/01/01 00:00:00+00,,,4,Inland,Inland District
17.96,6772.23,454,,41287537.2395714,35234.4450815808,755,McKittrick,454,1111/01/01 00:00:00+00,,,4,Inland,Inland District
42.27,18792.99,490,,111004158.928529,80478.8523089325,758,Mountain View,490,2005/02/23 00:00:00+00,,,4,Inland,Inland District
10.03,2485.05,22,,15126216.7936313,19871.6762127819,759,"Antelope Hills, North",022,1111/01/01 00:00:00+00,,,4,Inland,Inland District
17.06,6103.76,50,,35535489.3221682,32840.9732261628,760,"Belridge, North",050,2005/02/23 00:00:00+00,,,4,Inland,Inland District
18.02,9638.78,156,,58879678.4379053,35547.4982265243,761,"Coles Levee, North",156,1111/01/01 00:00:00+00,,,4,Inland,Inland District
3.05,327.97,196,,2018448.82366973,6069.53106301885,762,"Deer Creek, North",196,1111/01/01 00:00:00+00,,,4,Inland,Inland District
13.67,5969.48,758,,35780714.9257688,26784.4728667672,764,"Tejon, North",758,1111/01/01 00:00:00+00,,,4,Inland,Inland District
3.5,406.62,224,,2493149.57597961,6994.80267021579,765,"Edison, Northeast",224,1111/01/01 00:00:00+00,,,4,Inland,Inland District
18.67,5533.02,434,,33905479.9276531,36819.6647937812,766,"Lost Hills, Northwest",434,1111/01/01 00:00:00+00,,,4,Inland,Inland District
28.05,18985.62,532,,115306529.953757,55084.5908052257,767,Paloma,532,1111/01/01 00:00:00+00,,,4,Inland,Inland District
4.07,662.85,544,,3885964.23678719,7885.25536041582,768,Pioneer,544,1111/01/01 00:00:00+00,,,4,Inland,Inland District
9.05,1953.29,560,,11652849.0850015,17734.8339111889,769,Pleito,560,1111/01/01 00:00:00+00,,,4,Inland,Inland District
29.15,19829.83,566,,121328343.026847,57665.0144341655,770,Poso Creek,566,1111/01/01 00:00:00+00,,,4,Inland,Inland District
10.73,3874.88,602,,23989351.4774475,21395.7666616391,772,Rio Bravo,602,1111/01/01 00:00:00+00,,,4,Inland,Inland District
8.93,2524.61,608,,16003800.2966836,17776.0645721453,773,Rio Viejo,608,1111/01/01 00:00:00+00,,,4,Inland,Inland District
10.57,2331.78,624,,14167369.47779,20770.7087171367,774,Rosedale,624,1111/01/01 00:00:00+00,,,4,Inland,Inland District
12,3207.63,626,,19632316.867505,23790.6453707177,775,Rosedale Ranch,626,1111/01/01 00:00:00+00,,,4,Inland,Inland District
32.08,16051.58,690,,98579378.1044295,63557.7468286794,778,Semitropic,690,1111/01/01 00:00:00+00,,,4,Inland,Inland District
3.42,308.08,696,,1957701.21690574,6936.43130705565,779,Seventh Standard,696,1111/01/01 00:00:00+00,,,4,Inland,Inland District
4.1,671.35,698,,3927631.61743191,7927.41568717059,780,"Shafter, SE Gas (ABD)",698,1111/01/01 00:00:00+00,,,4,Inland,Inland District
4.02,645.4,700,,3968961.57562888,7958.32688786551,781,Shale Flats Gas (ABD),700,1111/01/01 00:00:00+00,,,4,Inland,Inland District
3.74,362.05,702,,2377319.81548834,7775.35255893718,782,Shale Point Gas (ABD),702,1111/01/01 00:00:00+00,,,4,Inland,Inland District
17.99,11345.23,158,,68888627.7708043,35485.447329645,784,"Coles Levee, South",158,1111/01/01 00:00:00+00,,,4,Inland,Inland District
1.99,157.89,374,,975420.8411928,3950.6203648,785,"Lakeside, South (ABD)",374,1111/01/01 00:00:00+00,,,4,Inland,Inland District
8.54,1520.94,716,,9544323.64588344,16807.4779334846,786,Stockdale,716,1111/01/01 00:00:00+00,,,4,Inland,Inland District
15.97,5010.45,720,,30887157.8891305,31770.4965568477,787,Strand,720,1111/01/01 00:00:00+00,,,4,Inland,Inland District
19.31,7286.21,752,,43682090.8526172,37347.480283192,788,Tejon,752,1111/01/01 00:00:00+00,,,4,Inland,Inland District
18.09,4258.14,756,,25919926.9472644,35598.5767933289,789,Tejon Hills,756,1111/01/01 00:00:00+00,,,4,Inland,Inland District
4.03,649.32,760,,3919873.92223425,7919.54687642507,790,Temblor Hills,760,1111/01/01 00:00:00+00,,,4,Inland,Inland District
3.05,337.4,762,,1944490.8126775,5900.07311738746,791,Temblor Ranch,762,1111/01/01 00:00:00+00,,,4,Inland,Inland District
12.96,4641.86,766,,28806828.2452512,25739.4662465845,792,Ten Section,766,1111/01/01 00:00:00+00,,,4,Inland,Inland District
2.99,316.26,768,,2036764.07221691,6023.97072682809,793,Terra Bella (ABD),768,1111/01/01 00:00:00+00,,,4,Inland,Inland District
32.82,17198.74,790,,105455403.601983,65243.5092335649,794,Trico Gas,790,1111/01/01 00:00:00+00,,,4,Inland,Inland District
4.05,657.56,798,,3995339.54361748,7996.00115289368,795,Union Avenue,798,1111/01/01 00:00:00+00,,,4,Inland,Inland District
1.93,149.23,808,,987129.02165964,3974.32233380201,796,Valpredo,808,1111/01/01 00:00:00+00,,,4,Inland,Inland District
8.01,2569.06,822,,15793486.8471656,15900.5674223688,797,Wasco,822,1111/01/01 00:00:00+00,,,4,Inland,Inland District
3.97,470.88,826,,3000623.17695403,7999.81612172351,798,Welcome Valley,826,1111/01/01 00:00:00+00,,,4,Inland,Inland District
6.52,1233.38,46,,7614229.46799883,12882.492363575,799,"Bellevue, West",046,1111/01/01 00:00:00+00,,,4,Inland,Inland District
2.95,302.78,330,,1973851.2026731,5959.56415129039,800,"Jasmin, West (ABD)",330,1111/01/01 00:00:00+00,,,4,Inland,Inland District
19.38,5193.94,832,,31458616.9764575,38062.1284364903,801,Wheeler Ridge,832,1111/01/01 00:00:00+00,,,4,Inland,Inland District
5.63,860.81,834,,5115330.45982181,10840.0480234974,802,White Wolf,834,1111/01/01 00:00:00+00,,,4,Inland,Inland District
17.04,6428.94,858,,39070463.6032019,33571.1396677471,803,Yowlumne,858,1111/01/01 00:00:00+00,,,4,Inland,Inland District
11.03,3547,0,,21629899.5433717,21824.0398512702,804,Rose,617,1111/01/01 00:00:00+00,,,4,Inland,Inland District
82,65516.01,464,,396084903.606262,161564.634444876,805,Midway-Sunset,464,2005/02/23 00:00:00+00,,,4,Inland,Inland District
8.73,5587.02,13.19,,36348797.3553891,26919.6717503489,806,Union Island Gas,802,1111/01/01 00:00:00+00,,,6,Northern,Northern District
12.6,8063.79,16.8,,52839086.9714289,34606.9931246894,807,McMullin Ranch Gas,456,1111/01/01 00:00:00+00,,,6,Northern,Northern District
1.11,712.18,4.22,,4591256.7561393,8579.311089257,810,Lathrop Southeast Gas (ABD),392,1111/01/01 00:00:00+00,,,6,Northern,Northern District
8.19,5240.43,13.83,,34132640.7022101,28260.3515232497,811,Lathrop Gas,390,1111/01/01 00:00:00+00,,,6,Northern,Northern District
4.25,2719.79,10.13,,17697075.4171272,20674.1337050559,812,French Camp Gas,254,1111/01/01 00:00:00+00,,,6,Northern,Northern District
6.92,4429,11.36,,28524516.6560061,23085.7050194818,813,Stockton Gas (ABD),719,1986/01/16 00:00:00+00,,1986/01/16 00:00:00+00,6,Northern,Northern District
13.99,8953.56,20.9,,57621650.2360833,42563.655545223,815,Vernalis Gas,816,1111/01/01 00:00:00+00,,,6,Northern,Northern District
0.96,617.28,3.93,,3984716.48863035,7988.86877268857,816,"Vernalis, SW, Gas (ABD)",818,1111/01/01 00:00:00+00,,,6,Northern,Northern District
1.83,1168.69,6.62,,7649017.93718915,13548.0756615366,817,Harte Gas (ABD),294,1111/01/01 00:00:00+00,,,6,Northern,Northern District
8.94,5720.84,11.95,,37304949.7753524,24425.3039727234,818,Brentwood,072,1990/10/04 00:00:00+00,,1990/10/04 00:00:00+00,6,Northern,Northern District
1.52,971.07,5.05,,6174592.55270213,10170.4011351481,819,Bixler Gas (ABD),059,1993/12/21 00:00:00+00,,1993/12/21 00:00:00+00,6,Northern,Northern District
1.11,712.55,4.53,,4626857.96639874,9129.41783388433,820,Knightsen Gas (ABD),359,1111/01/01 00:00:00+00,,,6,Northern,Northern District
1.22,778.71,4.91,,5230807.71563095,10221.3786139872,821,Oakley Gas (ABD),510,1111/01/01 00:00:00+00,,,6,Northern,Northern District
1.81,1157.57,6.2,,7668252.73257435,12695.2328013094,823,"Brentwood, East, Gas",073,1111/01/01 00:00:00+00,,,6,Northern,Northern District
0.97,618.71,3.93,,4272794.64313019,8263.1820499267,825,Sand Mound Slough Gas (ABD),659,1982/01/25 00:00:00+00,,1982/01/25 00:00:00+00,6,Northern,Northern District
1.23,789.56,5.91,,5178681.18987127,12162.3423114798,826,"Oakley, South, Gas",717,1111/01/01 00:00:00+00,,,6,Northern,Northern District
3.07,1966.03,8.07,,12759398.8783128,16441.7422189957,827,Livermore,404,1111/01/01 00:00:00+00,,,6,Northern,Northern District
1.55,990.6,5.09,,6410104.95074145,10354.9064767363,828,Hospital Nose Gas (ABD),314,1111/01/01 00:00:00+00,,,6,Northern,Northern District
10.63,6805.71,17.98,,43952763.1587527,37052.0341132,829,Sherman Island Gas,706,1111/01/01 00:00:00+00,,,6,Northern,Northern District
3.61,2311.09,8.8,,15200342.7512227,18057.1343621941,830,Liberty Island Gas (ABD),400,1111/01/01 00:00:00+00,,,6,Northern,Northern District
2.03,1299.5,6.02,,8556450.42190568,12361.4779880314,831,Liberty Cut Gas (ABD),398,1111/01/01 00:00:00+00,,,6,Northern,Northern District
2.95,1889.52,6.93,,12394419.0202801,14204.8181826087,832,Cache Slough Gas (ABD),094,1111/01/01 00:00:00+00,,,6,Northern,Northern District
2.38,1525.68,7.81,,10405082.3642985,16317.0641964989,834,Snodgrass Slough Gas (ABD),709,1993/12/21 00:00:00+00,,1993/12/21 00:00:00+00,6,Northern,Northern District
4.71,3011.82,9.94,,19812770.1936169,20394.4298311585,835,Grand Island Gas,276,1111/01/01 00:00:00+00,,,6,Northern,Northern District
17.67,11305.76,19.08,,74528036.2042002,39148.6732941245,838,Maine Prairie Gas,442,1111/01/01 00:00:00+00,,,6,Northern,Northern District
19.73,12626.5,23.44,,82858026.1207324,48155.6937423297,839,Lindsey Slough Gas,402,1111/01/01 00:00:00+00,,,6,Northern,Northern District
75.99,48636.35,39.79,,318685570.810491,81273.7499348039,840,Rio Vista Gas,606,1111/01/01 00:00:00+00,,,6,Northern,Northern District
2.33,1491.77,6.11,,9829445.17588213,12559.3823370033,841,Merritt Island Gas (ABD),460,1111/01/01 00:00:00+00,,,6,Northern,Northern District
1.44,923.92,4.88,,6595957.62808389,10515.4174404156,842,King Island Gas,351,1987/04/06 00:00:00+00,,1987/04/06 00:00:00+00,6,Northern,Northern District
2.78,1782.08,7.33,,11657477.2361577,14990.5501915173,843,East Islands Gas,225,1111/01/01 00:00:00+00,,,6,Northern,Northern District
7.53,4817.84,13.1,,31714417.7267186,26899.6058391706,845,Lodi Gas,408,1111/01/01 00:00:00+00,,,6,Northern,Northern District
5.08,3248.47,10.03,,21324984.2800327,20601.0129671385,846,Galt Gas (ABD),264,1111/01/01 00:00:00+00,,,6,Northern,Northern District
2.31,1475.24,6.07,,9683884.90209785,12450.7058492054,847,"Lodi, Southeast, Gas (ABD)",411,1985/11/22 00:00:00+00,,1985/11/22 00:00:00+00,6,Northern,Northern District
1,641.07,4,,4195475.95989973,8195.18967957482,848,Lodi Airport Gas (ABD),409,1111/01/01 00:00:00+00,,,6,Northern,Northern District
8.13,5203.21,15.04,,34299280.6085916,30883.0904863238,849,Bunker Gas,082,1111/01/01 00:00:00+00,,,6,Northern,Northern District
7.51,4805.88,14.98,,31568184.0488859,30745.0370187844,850,Denverton Creek Gas,202,1111/01/01 00:00:00+00,,,6,Northern,Northern District
0.96,615.64,3.92,,4087278.01648583,8086.7451533835,851,Denverton Gas (ABD),200,1111/01/01 00:00:00+00,,,6,Northern,Northern District
1.48,946.42,4.93,,6133036.65128827,10039.6792576047,852,"Kirby Hill, North, Gas (ABD)",354,1111/01/01 00:00:00+00,,,6,Northern,Northern District
0.99,635.81,3.99,,4307829.92511159,8302.78066972241,853,Potrero Hills Gas (ABD),570,1111/01/01 00:00:00+00,,,6,Northern,Northern District
6.62,4235.75,13.89,,27816970.3027213,28489.8999976183,854,Kirby Hill Gas,352,1111/01/01 00:00:00+00,,,6,Northern,Northern District
4.53,2899.96,9.09,,19002977.098909,18596.7153748587,855,Suisun Bay Gas,722,1111/01/01 00:00:00+00,,,6,Northern,Northern District
2.95,1891.05,7.06,,12375101.7933118,14461.2997971159,856,Ryer Island Gas,634,1111/01/01 00:00:00+00,,,6,Northern,Northern District
14.05,8993.71,18.24,,60816477.3651868,37649.5749105502,858,Kirk Gas,356,1111/01/01 00:00:00+00,,,6,Northern,Northern District
19.12,12234.68,20.54,,83314638.5628218,42703.4777729336,863,Sutter Buttes Gas,730,1111/01/01 00:00:00+00,,,6,Northern,Northern District
2.41,1542.92,6.4,,10559618.5700646,13373.4371813135,864,Artois Gas (ABD),030,1111/01/01 00:00:00+00,,,6,Northern,Northern District
6.45,4127.41,11.91,,28171562.8289918,24909.9785756862,865,"Greenwood, South, Gas (ABD)",713,1111/01/01 00:00:00+00,,,6,Northern,Northern District
1.99,1273.08,6,,7809921.87970574,12126.9410452733,866,"Larkin, West, Gas",380,1111/01/01 00:00:00+00,,,6,Northern,Northern District
0.98,624.21,3.95,,4230074.00497954,8231.86775428263,867,"Compton Landing, S., Gas (ABD)",164,1111/01/01 00:00:00+00,,,6,Northern,Northern District
1.03,656.8,4.05,,4447173.87189016,8435.86278948461,868,Peace Valley Gas (ABD),535,1111/01/01 00:00:00+00,,,6,Northern,Northern District
12.9,8258.41,26.13,,55866262.2239219,54393.9765220299,869,Compton Landing Gas,162,1111/01/01 00:00:00+00,,,6,Northern,Northern District
1.12,718.29,4.24,,4834151.66230955,8820.18666499399,870,Little Butte Creek Gas,403,1111/01/01 00:00:00+00,,,6,Northern,Northern District
3.71,2371.57,7.96,,16359039.0186775,16800.7459791183,871,Schohr Ranch Gas (ABD),686,1111/01/01 00:00:00+00,,,6,Northern,Northern District
2.19,1399.93,6.99,,9695627.47339688,14731.7284981906,872,Stegeman Gas,715,1111/01/01 00:00:00+00,,,6,Northern,Northern District
3.85,2461.12,10.13,,16808589.0005913,21147.4335929517,873,Princeton Gas,574,1111/01/01 00:00:00+00,,,6,Northern,Northern District
5.39,3452.61,13.02,,23943105.0828003,27540.7780119414,874,Bounde Creek Gas,062,1111/01/01 00:00:00+00,,,6,Northern,Northern District
0.51,324.77,3.02,,2187253.8063708,6287.66579110685,875,"Afton, South, Gas (ABD)",004,1111/01/01 00:00:00+00,,,6,Northern,Northern District
8.84,5659.11,14.87,,38418049.4679196,30939.8309915942,876,Afton Gas,002,1111/01/01 00:00:00+00,,,6,Northern,Northern District
63.28,40500.27,43.61,,271759195.025945,90071.3567172266,877,Willows-Beehive Bend Gas,846,1111/01/01 00:00:00+00,,,6,Northern,Northern District
8.3,5313.57,12.98,,36033983.4609885,26954.1626767319,878,Llano Seco Gas (ABD),406,1111/01/01 00:00:00+00,,,6,Northern,Northern District
6.02,3850.78,10,,26297328.7859158,20910.874033334,879,Perkins Lake Gas (ABD),536,1111/01/01 00:00:00+00,,,6,Northern,Northern District
8.94,5723.5,13.43,,39139325.1486405,28060.9307630226,880,Durham Gas,216,1111/01/01 00:00:00+00,,,6,Northern,Northern District
1.01,648.75,4.03,,4441562.81677494,8426.13170972266,881,Chico Gas (ABD),138,1111/01/01 00:00:00+00,,,6,Northern,Northern District
1.99,1274.89,6.01,,8351655.42402715,12309.4568267467,884,Honker Gas (ABD),306,1111/01/01 00:00:00+00,,,6,Northern,Northern District
7.02,4490.12,11.18,,29335387.0390945,22783.8846730428,885,Los Medanos Gas,430,1111/01/01 00:00:00+00,,,6,Northern,Northern District
1.75,1116.81,5.33,,7311573.05016086,10910.3437684144,886,Concord Gas (ABD),168,1111/01/01 00:00:00+00,,,6,Northern,Northern District
2.8,1792.96,7.62,,11367330.8297592,15313.6428627492,887,Willow Pass Gas (ABD),842,1111/01/01 00:00:00+00,,,6,Northern,Northern District
1.96,1253.31,5.94,,8127009.24197272,12110.1809050209,888,Mulligan Hill Gas (ABD),492,1111/01/01 00:00:00+00,,,6,Northern,Northern District
20.01,12806.07,31.17,,85521409.3412352,64124.7175859265,891,Todhunters Lake Gas,778,1111/01/01 00:00:00+00,,,6,Northern,Northern District
7.64,4890.33,17.35,,32702467.2954403,35846.72798881,892,Putah Sink Gas,576,1111/01/01 00:00:00+00,,,6,Northern,Northern District
12.12,7757.89,19.27,,51653394.0793199,39838.9336835894,893,Sacramento Airport Gas,636,1111/01/01 00:00:00+00,,,6,Northern,Northern District
0.96,615.2,3.98,,4139039.35124011,8166.86811338313,894,Fremont Landing Gas (ABD),253,1111/01/01 00:00:00+00,,,6,Northern,Northern District
1.46,932.62,5.81,,6289529.55980286,12217.3898332974,895,Rio Jesus Gas (ABD),604,1111/01/01 00:00:00+00,,,6,Northern,Northern District
1.24,796.28,4.94,,5220008.88708424,10046.1795656804,897,Sacramento By-Pass Gas (ABD),638,1111/01/01 00:00:00+00,,,6,Northern,Northern District
3.82,2447.49,8.05,,16114896.8660077,16564.4134422228,898,Greens Lake Gas (ABD),278,1111/01/01 00:00:00+00,,,6,Northern,Northern District
1.76,1126.58,5.99,,7502199.39991011,12458.6287531562,899,Winchester Lake Gas,850,1111/01/01 00:00:00+00,,,6,Northern,Northern District
7.5,4800.22,13.98,,31575914.7663206,28725.5508046077,900,Clarksburg Gas,148,1111/01/01 00:00:00+00,,,6,Northern,Northern District
2.97,1899.54,7.94,,12683203.4300754,16474.0026342449,901,Freeport Gas (ABD),252,1111/01/01 00:00:00+00,,,6,Northern,Northern District
3.22,2060.92,9.01,,13700979.2471462,18711.2609634493,902,Stone Lake Gas (ABD),718,1111/01/01 00:00:00+00,,,6,Northern,Northern District
2,1278.98,6,,8378884.31419838,12298.7109855382,903,Merritt Gas,458,1111/01/01 00:00:00+00,,,6,Northern,Northern District
4.66,2980.08,12.83,,19589920.1645324,26145.7280239223,904,Davis Southeast Gas,192,1111/01/01 00:00:00+00,,,6,Northern,Northern District
1.5,960.49,5.01,,6357709.26856876,10281.9074780782,906,Florin Gas (ABD),249,1111/01/01 00:00:00+00,,,6,Northern,Northern District
2.82,1802.95,7.1,,11774906.0925182,14500.1539850368,907,Poppy Ridge Gas (ABD),564,1111/01/01 00:00:00+00,,,6,Northern,Northern District
4.6,2944.55,9.5,,19558170.8432906,19657.2924008642,908,Pleasant Creek Gas,556,1111/01/01 00:00:00+00,,,6,Northern,Northern District
16.59,10615.78,20.15,,71071355.2333706,41692.5307829948,909,Dunnigan Hills Gas,214,1111/01/01 00:00:00+00,,,6,Northern,Northern District
1.74,1116.01,6,,7469824.70796604,12411.2970770487,910,Dufour Gas (ABD),212,1111/01/01 00:00:00+00,,,6,Northern,Northern District
3.18,2034.85,8.27,,13561608.6007639,17080.5862820461,911,Madison Gas (ABD),552,1111/01/01 00:00:00+00,,1983/07/21 00:00:00+00,6,Northern,Northern District
3.69,2361.08,9.91,,15656460.3210568,20482.5041357768,913,Zamora Gas (ABD),862,1111/01/01 00:00:00+00,,,6,Northern,Northern District
2.15,1376.63,5.87,,9663580.62728228,12434.7766831454,914,"Zamora, North, Gas (ABD)",864,1985/11/15 00:00:00+00,,,6,Northern,Northern District
1.79,1144.12,6.05,,7725964.67685011,12576.6674307368,915,Howells Point Gas,317,1981/03/10 00:00:00+00,,1981/03/10 00:00:00+00,6,Northern,Northern District
6.78,4342.23,11.96,,28861320.974573,24709.5265205951,916,Harlan Ranch Gas (ABD),293,1111/01/01 00:00:00+00,,,6,Northern,Northern District
5.09,3255.14,9.85,,21721747.6152114,20361.5094390938,919,Dixon Gas (ABD),206,1111/01/01 00:00:00+00,,,6,Northern,Northern District
1.93,1234.49,5.88,,8218632.29437404,12196.7319660212,920,"Dixon, East, Gas (ABD)",207,1111/01/01 00:00:00+00,,,6,Northern,Northern District
3.5,2237.15,7.98,,14793639.3113103,16487.2791541056,921,Woodland Gas (ABD),854,1111/01/01 00:00:00+00,,,6,Northern,Northern District
8.57,5484.1,16.05,,36930321.1796366,33351.8694511169,922,Sycamore Slough Gas,736,1111/01/01 00:00:00+00,,,6,Northern,Northern District
4.14,2651.63,8.89,,17774250.1725314,18359.0160232225,923,Tremont Gas (ABD),788,1111/01/01 00:00:00+00,,,6,Northern,Northern District
12.79,8184.22,18.27,,55204486.2172791,37428.0050102781,924,Eldorado Bend Gas (ABD),227,1993/12/21 00:00:00+00,,1993/12/21 00:00:00+00,6,Northern,Northern District
2.73,1749.8,7.53,,11668826.5923461,15616.5322502144,925,Sugarfield Gas,721,1111/01/01 00:00:00+00,,,6,Northern,Northern District
4.58,2932.8,11.09,,19131388.9426134,22772.7637214301,926,Karnak Gas,335,1111/01/01 00:00:00+00,,,6,Northern,Northern District
1.31,835.27,5.32,,5653421.63755819,11008.5263431234,927,Verona Gas (ABD),821,1111/01/01 00:00:00+00,,,6,Northern,Northern District
1,638.01,3.99,,4285344.20558667,8285.31590713188,928,Catlett Gas (ABD),129,1111/01/01 00:00:00+00,,,6,Northern,Northern District
1.3,832.06,5.07,,5310049.58312255,10303.1531375175,929,Robbins Gas,615,1111/01/01 00:00:00+00,,,6,Northern,Northern District
2.9,1855.89,6.9,,12671040.0460332,14397.774565198,930,Nicolaus Gas,506,1111/01/01 00:00:00+00,,,6,Northern,Northern District
5.55,3550.01,11.06,,23965455.3021943,22931.8481526442,931,Pierce Road Gas,541,1990/02/07 00:00:00+00,,1990/02/07 00:00:00+00,6,Northern,Northern District
1.74,1112.57,5.97,,7581886.22299085,12442.3356644254,935,Butte Sink Gas,088,1111/01/01 00:00:00+00,,,6,Northern,Northern District
8.26,5287.62,17.98,,35826804.3892368,37442.3725969271,936,Moon Bend Gas,482,1111/01/01 00:00:00+00,,,6,Northern,Northern District
3.58,355.22,146,,2435815.17735991,6925.38743401186,938,Cienaga Canyon,146,2012/07/02 00:00:00+00,,2011/01/12 00:00:00+00,4,Inland,Inland District
2.52,1615.22,7.02,,10852927.3711622,14559.8964470666,939,Wild Goose Gas,840,1111/01/01 00:00:00+00,,,6,Northern,Northern District
10.49,6711.45,16.57,,46150018.1815886,34659.0196688001,941,Kirkwood Gas,358,1111/01/01 00:00:00+00,,,6,Northern,Northern District
2.7,1726.51,7.93,,11892295.2064753,16638.0124228825,943,Orland Gas,528,1111/01/01 00:00:00+00,,,6,Northern,Northern District
7.25,4642.89,14.04,,31772921.0625901,29397.5183446668,944,Rancho Capay Gas,590,1111/01/01 00:00:00+00,,,6,Northern,Northern District
3.92,2508.97,7.96,,17316101.9942977,16725.8083889645,946,"Corning, South, Gas",176,1111/01/01 00:00:00+00,,,6,Northern,Northern District
7.99,5116.22,12,,35258864.4876447,25200.4289237177,947,Corning Gas (ABD),174,1111/01/01 00:00:00+00,,,6,Northern,Northern District
2.98,1910.27,8.96,,13093823.4815424,18779.5655236434,948,Greenwood Gas (ABD),281,1111/01/01 00:00:00+00,,,6,Northern,Northern District
7.83,5014.39,13.92,,35422785.2439328,29455.8679317555,949,Tompkins Hill Gas,780,1111/01/01 00:00:00+00,,,6,Northern,Northern District
2.79,1782.76,10.12,,12536672.71059,21439.8723972314,950,Table Bluff Gas (ABD),738,1111/01/01 00:00:00+00,,,6,Northern,Northern District
7.78,4976.86,13.74,,30084836.0448268,26942.257288807,951,Petaluma (ABD),538,1111/01/01 00:00:00+00,,,6,Northern,Northern District
1,639.22,4,,4202022.47344664,8211.41949533571,952,Cotati Gas (ABD),177,1985/02/15 00:00:00+00,,1995/02/15 00:00:00+00,6,Northern,Northern District
1,643.01,4.01,,4385213.74006174,8350.37689271225,953,Bullock Bend Gas (ABD),079,1998/02/27 00:00:00+00,,1998/02/27 00:00:00+00,6,Northern,Northern District
5.27,3372.25,12.41,,22244824.117234,25530.1107954626,955,Willow Slough Gas,844,1111/01/01 00:00:00+00,,,6,Northern,Northern District
9.98,6385.67,16.53,,42732173.4357103,34176.0321275851,956,Crossroads Gas (ABD),183,1111/01/01 00:00:00+00,,,6,Northern,Northern District
1.55,992.58,5.08,,6465595.25001477,10361.6820037154,957,"Tracy, West, Gas (ABD)",787,1998/02/27 00:00:00+00,,1998/02/27 00:00:00+00,6,Northern,Northern District
1.99,1271.78,6.01,,8816123.54596989,12649.7750536739,958,Red Bank Creek Gas (ABD),592,1111/01/01 00:00:00+00,,,6,Northern,Northern District
3.2,2050.99,7.95,,13996022.2013181,16621.0830035182,959,Wilson Creek Gas (ABD),847,1111/01/01 00:00:00+00,,,6,Northern,Northern District
1.72,1098.25,7.82,,6837999.93666296,12984.7794136673,960,Oil Creek,518,1111/01/01 00:00:00+00,,,6,Northern,Northern District
3.78,2421.3,10.05,,15546481.1918713,20301.4563467814,961,La Honda,370,1111/01/01 00:00:00+00,,,6,Northern,Northern District
5.31,3396.21,12.3,,21843905.385574,24956.3058661177,962,Half Moon Bay,290,1111/01/01 00:00:00+00,,,6,Northern,Northern District
1.48,946.88,4.98,,6616290.45097935,10513.54474025,963,Petrolia,540,1111/01/01 00:00:00+00,,,6,Northern,Northern District
1.03,659.52,4.06,,4373209.50368825,8371.59569647911,964,"Collegeville, East, Gas
 Gas",149,1111/01/01 00:00:00+00,,,6,Northern,Northern District
1.01,643.4,4.01,,4065256.39348943,8075.56827965599,965,Lone Tree Creek Gas,413,1111/01/01 00:00:00+00,,,6,Northern,Northern District
3.08,1974.05,7.11,,12914259.2113536,14546.6678356709,966,Pinole Point (ABD),542,1111/01/01 00:00:00+00,,,6,Northern,Northern District
2,1280.35,5.99,,8482880.05062536,12344.5395821493,967,Medora Lake Gas,455,2005/02/16 00:00:00+00,,2005/02/16 00:00:00+00,6,Northern,Northern District
2.02,1290.45,6.02,,9083900.26923387,12773.2114839673,968,Grizzly Bluff Gas,287,2005/02/16 00:00:00+00,,2005/02/16 00:00:00+00,6,Northern,Northern District
1.5,959.89,4.98,,6340451.03856502,10236.0562494754,969,Hood-Franklin Gas,309,2007/07/09 00:00:00+00,,2007/07/09 00:00:00+00,6,Northern,Northern District
5.58,3569.39,13.14,,23309542.078527,26905.1014064972,970,Rindge Tract Gas,603,2007/07/09 00:00:00+00,,2007/07/09 00:00:00+00,6,Northern,Northern District
9.98,0,16.96,,39387964.1441886,33817.8602285229,971,Kettleman Middle Dome,346,1111/01/01 00:00:00+00,,,5,Inland,Inland District
7.27,0,11.52,,28779472.8170051,22939.5589299496,972,Dudley Ridge Gas (ABD),210,1111/01/01 00:00:00+00,,,5,Inland,Inland District
1.99,0,5.97,,7906650.09358487,11905.73735485,973,Kettleman City (ABD),344,1111/01/01 00:00:00+00,,,5,Inland,Inland District
10.64,0,17.09,,41893360.2129514,33950.6993946193,974,Pyramid Hills,578,1111/01/01 00:00:00+00,,,5,Inland,Inland District
6.03,0,10.01,,23895886.4136148,19982.3788412091,975,Harvester Gas (ABD),296,1111/01/01 00:00:00+00,,,5,Inland,Inland District
5.3,0,11.25,,20353012.8481829,22176.1387984817,976,"Trico, Northwest, Gas (ABD)",792,1111/01/01 00:00:00+00,,,5,Inland,Inland District
4.2,0,8.2,,16631467.0248449,16335.5661096931,977,Westhaven (ABD),831,1111/01/01 00:00:00+00,,,5,Inland,Inland District
8.9,0,12.11,,35336147.4097063,24122.5633818452,978,Tulare Lake,794,1982/08/17 00:00:00+00,,1982/08/17 00:00:00+00,5,Inland,Inland District
1.21,0,4.94,,4846036.98124561,9854.11995759775,979,Kreyenhagen (ABD),366,1111/01/01 00:00:00+00,,,5,Inland,Inland District
21.36,0,22.68,,80605758.7894254,43111.8159303466,980,Jacalitos,326,1111/01/01 00:00:00+00,,,5,Inland,Inland District
15.3,0,20.17,,60940250.8677291,40210.1038860804,981,Guijarral Hills,288,1111/01/01 00:00:00+00,,,5,Inland,Inland District
4.29,0,9.04,,16948886.6989489,17984.6488405586,982,Pleasant Valley,558,1986/02/03 00:00:00+00,,1986/02/03 00:00:00+00,5,Inland,Inland District
21.1,0,26.86,,83715401.5070441,53662.7089806969,983,"Coalinga, East, Extension",152,1986/02/03 00:00:00+00,,1986/02/03 00:00:00+00,5,Inland,Inland District
15.56,0,15.97,,311240341.486701,85645.4968459233,984,Coalinga,150,1111/01/01 00:00:00+00,,,5,Inland,Inland District
1,0,4.01,,4021481.21304282,8021.77640684859,985,Hanford (ABD),292,1111/01/01 00:00:00+00,,,5,Inland,Inland District
1.54,0,5.05,,6181340.0029538,10132.2731720544,986,Turk Anticline (ABD),800,1111/01/01 00:00:00+00,,,5,Inland,Inland District
6.11,0,10.08,,24174213.4877009,20088.4761706598,987,Cantua Creek (ABD),112,1111/01/01 00:00:00+00,,,5,Inland,Inland District
1.47,0,4.94,,6068341.15276729,10046.7169348413,988,Cantua Nueva (ABD),113,1981/01/01 00:00:00+00,,1981/04/16 00:00:00+00,5,Inland,Inland District
4.74,0,9.21,,18978540.4007711,18432.6099005217,989,"San Joaquin, Northwest, Gas (ABD)",656,1111/01/01 00:00:00+00,,,5,Inland,Inland District
7.92,0,11.95,,31873791.9480053,24055.3692094186,990,Cheney Ranch Gas (ABD),134,1111/01/01 00:00:00+00,,,5,Inland,Inland District
3.92,0,7.95,,15818026.2714225,15951.0100369192,991,Camden,100,1111/01/01 00:00:00+00,,,5,Inland,Inland District
1.03,0,4.06,,4028591.13094955,8029.28706775619,992,Five Points (ABD),248,1111/01/01 00:00:00+00,,,5,Inland,Inland District
1.14,0,5.46,,4539012.74223122,11029.0471662269,993,"Burrel, Southeast",086,1111/01/01 00:00:00+00,,,5,Inland,Inland District
2.52,0,8.08,,10074494.9335696,16093.9582167954,994,Burrel,084,1111/01/01 00:00:00+00,,,5,Inland,Inland District
5.65,0,16.94,,22699327.3369531,34012.4470314218,996,Riverdale,614,1111/01/01 00:00:00+00,,,5,Inland,Inland District
11.61,0,23.06,,46514316.1565209,46218.8539400473,998,Raisin City,584,1111/01/01 00:00:00+00,,,5,Inland,Inland District
1.72,0,9.45,,7020019.57774274,12018.7662716023,999,San Joaquin,654,1111/01/01 00:00:00+00,,,5,Inland,Inland District
10,0,14.09,,40910103.8499974,28308.7726247178,1000,Gill Ranch Gas,266,1111/01/01 00:00:00+00,,,5,Northern,Northern District
13.85,0,24,,56358160.7241978,48537.1819806989,1002,Moffat Ranch Gas,470,2008/03/17 00:00:00+00,,2008/03/17 00:00:00+00,5,Northern,Northern District
10.28,0,16.15,,42142415.3660713,32606.2650448148,1003,Chowchilla Gas,144,1993/06/21 00:00:00+00,,1993/06/21 00:00:00+00,5,Northern,Northern District
2.57,0,6.96,,10527541.6522203,14033.9646883932,1004,Mint Road Gas (ABD),467,1111/01/01 00:00:00+00,,,5,Northern,Northern District
1.5,0,5.99,,6066210.80866281,10075.0925105718,1005,Oakdale Gas,513,2009/03/20 00:00:00+00,,2009/03/20 00:00:00+00,5,Northern,Northern District
0,0,0,,5159950.62077416,10155.0702769967,1006,Casa Diablo,G1-,1111/01/01 00:00:00+00,,,5,Northern,Northern District
0,0,0,,13863896.6377047,15043.2636358181,1007,Lake City,G1-,1111/01/01 00:00:00+00,,,G1,Northern,Northern District
0,0,0,,7332529.49311804,11152.6454812547,1008,Amedee,G1-,1111/01/01 00:00:00+00,,,G1,Northern,Northern District
0,0,0,,16672255.3121932,18966.2018433375,1009,Wendel,G1-,1111/01/01 00:00:00+00,,,G1,Northern,Northern District
0,0,0,,4453320.77669527,8430.59669426337,1010,Litchfield,G1-,1111/01/01 00:00:00+00,,,G1,Northern,Northern District
0,0,0,,8563129.79373233,12806.3163780255,1011,Susanville,G1-,1111/01/01 00:00:00+00,,,G1,Northern,Northern District
0,0,0,,76282791.5928559,42448.8524707037,1012,Salton Sea,G2-,1111/01/01 00:00:00+00,,,G2,Southern,Southern District
0,0,0,,51559319.4721925,30637.1604722703,1013,Brawley,G2-,1111/01/01 00:00:00+00,,,G2,Southern,Southern District
0,0,0,,44480059.8392386,30825.9891533101,1014,Heber,G2-,1111/01/01 00:00:00+00,,,G2,Southern,Southern District
0,0,0,,69724133.2270516,34495.6579158791,1015,East Mesa,G2-,1111/01/01 00:00:00+00,,,G2,Southern,Southern District
0,0,0,,23818736.6700525,34169.7522075039,1016,Hot Mineral Spa,G2-,2005/01/11 00:00:00+00,,2005/01/11 00:00:00+00,G2,Southern,Southern District
0,0,0,,171035706.475443,89325.7159515284,1017,The Geysers,G3-,1989/11/21 00:00:00+00,,1989/11/21 00:00:00+00,G3,Northern,Northern District
0,0,0,,18838318.2922997,21105.1254881005,1018,Calistoga,G3-,1111/01/01 00:00:00+00,,,G3,Northern,Northern District
0.37,283.3,2.44,,1496765.29863288,4893.83067202367,1020,Moody Gulch (ABD),480,1111/01/01 00:00:00+00,,,3,Northern,Northern District
1.58,1011,5.45,,6680766.17642325,11259.657127774,1021,Sargent,676,1111/01/01 00:00:00+00,,,3,Northern,Northern District
29.85,0,30.96,,216163654.040826,99719.5538514183,1023,Kettleman North Dome,348,1111/01/01 00:00:00+00,,,5,Inland,Inland District
2.02,163.96,220,,1474312.69046738,5952.53311517115,1025,Dyer Creek,220,2012/06/08 00:00:00+00,,2012/05/30 00:00:00+00,4,Inland,Inland District
30.97,28683.11,488,,180058451.41047,67152.8948758576,1026,Mount Poso,488,2012/06/08 00:00:00+00,,2012/05/30 00:00:00+00,4,Inland,Inland District
21.75,13921.99,31.85,,94888065.1768134,66046.6950985664,1027,"Grimes, West, Gas",284,2012/06/21 00:00:00+00,,2012/06/21 00:00:00+00,6,Northern,Northern District
3.23,2065.42,8.94,,14707067.9812867,21490.2798750336,1028,Dry Slough Gas (ABD),209,2012/07/11 00:00:00+00,,2012/07/10 00:00:00+00,6,Northern,Northern District
4.01,2567.65,11.01,,18193811.076711,24932.7117002978,1029,Fairfield Knolls Gas (ABD),244,2012/07/11 00:00:00+00,,2012/07/10 00:00:00+00,6,Northern,Northern District
5.62,3597.08,11.93,,25418743.1336872,26956.7099932574,1030,Knights Landing Gas,361,2012/07/11 00:00:00+00,,2012/07/10 00:00:00+00,6,Northern,Northern District
42.2,27009.62,37.5,,179743413.143575,77031.5399248999,1031,Millar Gas,466,2012/07/11 00:00:00+00,,2012/07/10 00:00:00+00,6,Northern,Northern District
14.49,9272.72,23.93,,61392509.2408509,49473.0857910943,1032,Saxon Gas,684,1111/01/01 00:00:00+00,,,6,Northern,Northern District
6.32,1224.79,582,,6709168.15513814,12238.5349983704,1033,Railroad Gap,582,2012/10/05 00:00:00+00,,2012/08/09 00:00:00+00,4,Inland,Inland District
44.45,46082.34,228,,285830727.804808,96709.3815951842,1034,Elk Hills,228,2012/10/05 00:00:00+00,,2012/08/09 00:00:00+00,4,Inland,Inland District
59.15,37856.27,40.08,,257460402.26683,80294.3278641748,1037,Grimes Gas,282,2012/06/22 00:00:00+00,,2012/06/21 00:00:00+00,6,Northern,Northern District
4.06,2598.51,9.05,,23358072.4550856,27444.0253717562,1038,Lone Star Gas,415,2012/06/22 00:00:00+00,,2012/06/19 00:00:00+00,6,Northern,Northern District
1.01,647.33,4.02,,14762067.5893777,18316.6620035623,1040,Williams Gas,841,2012/06/22 00:00:00+00,,2012/06/19 00:00:00+00,6,Northern,Northern District
7.6,0,16.08,,37088571.0339731,36508.4545707317,1042,Merrill Avenue Gas,457,1995/03/30 00:00:00+00,,1995/03/30 00:00:00+00,5,Northern,Northern District
6.76,,18.28,,22729216.6629932,34269.3018498008,1044,Long Beach,412,1111/01/01 00:00:00+00,,,1,Southern,Southern District
,,,,13112825.8129597,18055.250887018,1045,"Merrill Avenue, Southeast, Gas",459,2013/01/24 00:00:00+00,,2002/02/22 00:00:00+00,5,Northern,Northern District
9.63,2450.55,699,,31174748.7550034,28872.5495956304,1046,"Shafter, North",699,2002/01/18 00:00:00+00,,2002/05/14 00:00:00+00,4,Inland,Inland District
3.5,321.97,446,,1947439.50044778,6902.39376020253,1047,McClung (ABD),446,1111/01/01 00:00:00+00,,,4,Inland,Inland District
3.17,374.72,652,,2062088.35031914,6021.24298120997,1048,San Emigdio Creek (ABD),652,1111/01/01 00:00:00+00,,,4,Inland,Inland District
3.06,334.56,648,,1849404.06891365,5836.84631975341,1049,San Emigdio (ABD),650,1111/01/01 00:00:00+00,,,4,Inland,Inland District
2.97,317.37,697,,1966144.03849195,5942.16411422191,1050,Shafter (ABD),697,1111/01/01 00:00:00+00,,,4,Inland,Inland District
2.97,316.92,692,,1980254.72413648,5959.00929682998,1051,"Semitropic, NW Gas (ABD)",692,1111/01/01 00:00:00+00,,,4,Inland,Inland District
1.99,157.75,24,,982400.960234685,3964.75458128222,1052,Antelope Plains Gas (ABD),024,1111/01/01 00:00:00+00,,,4,Inland,Inland District
2.01,160.92,342,,972610.003924635,3944.85694974815,1053,Kernsumner (ABD),342,1111/01/01 00:00:00+00,,,4,Inland,Inland District
1.98,155.22,759,,942675.8773134,3885.04651301624,1054,Temblor East (ABD),759,1111/01/01 00:00:00+00,,,4,Inland,Inland District
1.97,154.56,754,,973843.125525835,3947.36510743929,1055,Tejon Flats (ABD),754,1111/01/01 00:00:00+00,,,4,Inland,Inland District
0.08,53.96,1.16,,331427.6909791,2302.99150689516,1056,"Buena Park, West (ABD)",078,1111/01/01 00:00:00+00,,,1,Southern,Southern District
23.95,12176.39,628,,76726856.0844522,53446.2569974743,1057,Round Mountain,628,2010/06/08 00:00:00+00,,2010/06/08 00:00:00+00,4,Inland,Inland District
41.06,20740,432,,131527952.254351,85417.377085794,1058,Lost Hills,432,2014/08/07 00:00:00+00,,2003/03/03 00:00:00+00,4,Inland,Inland District
,,,,5376815.64287002,10880.0094256713,1059,Elizabeth Canyon (ABD),226,2014/10/22 00:00:00+00,,,2,Northern,Northern District
5.66,0,12.89,,25173324.8170573,26015.9192445543,1060,Ash Slough Gas (ABD),051,1995/10/23 00:00:00+00,,1995/10/23 00:00:00+00,5,Northern,Northern District
5.77,3690.37,10.05,,24948650.477034,21509.730197977,1061,Tracy Gas (ABD),786,1977/12/02 00:00:00+00,,1977/12/02 00:00:00+00,6,Northern,Northern District
19.11,0,42.78,,76535775.3496482,85598.6043698627,1062,Helm,300,1989/10/23 00:00:00+00,,1989/10/23 00:00:00+00,5,Inland,Inland District
17.97,11499.46,24.84,,77525046.4403103,52072.2452717126,1070,Sutter City Gas,732,2003/09/18 00:00:00+00,,,6,Northern,Northern District
5.8,3712.78,14.66,,23644959.6425202,29552.8899235113,1072,River Break Gas,610,1993/06/10 00:00:00+00,,,6,Northern,Northern District
2.12,0,7.04,,9565025.98722943,14050.0538733112,1074,Van Ness Slough,809,1989/05/23 00:00:00+00,,1989/05/23 00:00:00+00,5,Inland,Inland District
12.95,4686.33,648,,29541358.1703434,27606.4599201498,1075,San Emidio Nose,648,1988/01/01 00:00:00+00,,1988/01/01 00:00:00+00,4,Inland,Inland District
34.79,22270,30.39,,153179056.147622,64056.8803341151,1076,Malton-Black Butte Gas,444,2005/02/23 00:00:00+00,,,6,Northern,Northern District
11.34,7258.56,19.49,,51506023.0624515,43254.3724699219,1077,Rice Creek Gas,596,2005/02/23 00:00:00+00,,,6,Northern,Northern District
4.62,2958.12,11.13,,20336586.7673539,23341.0644552244,1078,"Rice Creek, East, Gas",597,2005/02/23 00:00:00+00,,,6,Northern,Northern District
4.45,2848.69,11.91,,19280720.9989477,24876.6363391829,1079,Ord Bend Gas,526,2005/02/23 00:00:00+00,,,6,Northern,Northern District
0.62,395.94,3.49,,2680030.70051395,7247.84356991032,1080,Angel Slough Gas (ABD),016,2005/02/23 00:00:00+00,,,6,Northern,Northern District
20.53,13141.07,28.09,,88645688.3340163,58305.8454389588,1083,Arbuckle Gas,026,2005/02/23 00:00:00+00,,,6,Northern,Northern District
7.53,4821,13.98,,32445097.1078758,29133.5944095566,1084,West Butte Gas,828,2005/02/23 00:00:00+00,,,6,Northern,Northern District
3.74,2392.34,9.95,,17300456.8159984,20847.1244029306,1085,Butte Slough Gas,090,2005/02/23 00:00:00+00,,,6,Northern,Northern District
7.48,4789.19,12.02,,32412760.0842834,24886.4619249396,1086,Sycamore Gas,734,2005/02/23 00:00:00+00,,,6,Northern,Northern District
17.5,11200.76,21.4,,75379553.303531,44502.0050549302,1087,Tisdale Gas,776,2005/02/23 00:00:00+00,,1990/02/07 00:00:00+00,6,Northern,Northern District
5.03,3219.1,12.02,,21541985.7144093,24944.4030209093,1088,Everglade Gas,243,2005/02/23 00:00:00+00,,,6,Northern,Northern District
6.9,4417.7,13.11,,29447099.5716428,27146.4253195672,1089,Buckeye Gas,074,2005/02/23 00:00:00+00,,,6,Northern,Northern District
5.18,3312.74,12.29,,22310596.0748096,25171.426087769,1090,Cache Creek Gas,093,2005/02/23 00:00:00+00,,,6,Northern,Northern District
13.21,8455.67,21.23,,55727197.2877531,43762.1234474859,1091,Conway Ranch Gas,172,2005/02/23 00:00:00+00,,,6,Northern,Northern District
20.57,13166.05,28.14,,87882624.4118727,57883.2883556875,1092,Winters Gas,852,2005/02/23 00:00:00+00,,,6,Northern,Northern District
3.97,2541.36,9.97,,16718222.2348102,20450.0574066877,1094,Elkhorn Slough Gas,229,2005/02/23 00:00:00+00,,,6,Northern,Northern District
12.38,7922.42,18.26,,54152052.1601128,41523.6522525744,1095,"Thornton, W.-Walnut Grove Gas",772,2005/02/23 00:00:00+00,,,6,Northern,Northern District
40.31,25798.66,34.84,,169287841.847113,71363.8689774014,1096,River Island Gas,612,2005/02/23 00:00:00+00,,,6,Northern,Northern District
11.27,7215.25,15.06,,47579982.9029736,30898.6575087203,1097,Thornton Gas (ABD),770,2005/02/23 00:00:00+00,,,6,Northern,Northern District
2.67,1707.63,6.65,,15602167.9531811,18006.9893171073,1098,Van Sickle Island Gas,810,2005/02/23 00:00:00+00,,,6,Northern,Northern District
9.29,5946.26,15.04,,38966834.7412479,30769.9294599397,1099,Dutch Slough Gas,218,2005/02/23 00:00:00+00,,,6,Northern,Northern District
18.05,11548.98,18.59,,74666162.1217108,37940.9474083326,1100,McDonald Island Gas,452,2005/02/23 00:00:00+00,,,6,Northern,Northern District
10.7,6848.54,21.13,,45532759.0707416,43452.9803882504,1101,Roberts Island Gas,616,2005/02/23 00:00:00+00,,,6,Northern,Northern District
8.03,1597.43,479,,12727589.0973048,25736.2131851766,1107,Monument Junction,479,2005/02/23 00:00:00+00,,,4,Inland,Inland District
0.6,386.4,3.25,,1882642.32592852,5826.98155863492,1116,San Clemente (ABD),646,2015/01/07 00:00:00+00,,,1,Southern,Southern District
6,3999,14.24,,24028686.1042272,28259.1277387898,1117,Seal Beach,688,2015/01/08 00:00:00+00,,,1,Southern,Southern District
5.64,3482,13.22,,20414148.0682915,25077.6416366976,1118,Newhall-Potrero,500,2015/01/09 00:00:00+00,,,2,Northern,Northern District
16.5,10810,27.57,,64170873.5899441,55027.710133311,1119,Newhall,498,2015/01/09 00:00:00+00,,,2,Northern,Northern District
18.27,10890,27.47,,65327117.279611,52326.5268750621,1120,Torrance,782,2015/01/09 00:00:00+00,,,1,Southern,Southern District
,,,,239499.85203422,1957.77068221189,1123,Canoga Park,108,1111/01/11 00:00:00+00,,,1,Southern,Southern District
30.79,20440,31.56,,119727558.659786,63355.6320728125,1124,Wilmington,849,2015/01/09 00:00:00+00,,,1,Southern,Southern District
38.65,0,32.5,,155219353.423392,65383.1262487136,1125,Vallecitos,806,1111/01/01 00:00:00+00,,,5,Northern,Northern District
8,5121,22.14,,32464762.7661549,44568.1712813883,1126,Hollister,302,1111/01/11 00:00:00+00,,,5,Northern,Northern District
0,0,0,,7013328.32713457,12062.9406709706,1127,Bitterwater,058,1111/01/11 00:00:00+00,,,5,Northern,Northern District
6.38,1458,10.92,,25109790.8035352,21818.6162725142,1128,Guadalupe (ABD),286,1111/01/11 00:00:00+00,,,3,Northern,Northern District
59.19,38540,50.74,,232213530.158039,99783.1932524788,1129,Santa Maria Valley,668,1111/01/11 00:00:00+00,,,3,Northern,Northern District
4.13,2624,9.19,,15934187.3423963,18194.9504747509,1130,Arroyo Grande,028,1111/01/11 00:00:00+00,,,3,Northern,Northern District
3.37,2180,9.98,,13086260.0914605,19631.2043702707,1131,Barham Ranch,038,1111/01/11 00:00:00+00,,,3,Northern,Northern District
4.56,2950,11.47,,17728544.4593356,22610.4815014459,1132,Careaga Canyon,116,1111/01/11 00:00:00+00,,,3,Northern,Northern District
10.06,6576,16.15,,39548362.7896919,32083.3568118815,1133,Casmalia,122,1111/01/11 00:00:00+00,,,3,Northern,Northern District
41.06,26450,34.94,,159269579.038617,68807.9242502916,1134,Cat Canyon,128,1111/01/11 00:00:00+00,,,3,Northern,Northern District
2.01,1295,6.1,,7791204.38744552,12014.7284499174,1135,Four Deer (ABD),250,1111/01/11 00:00:00+00,,,3,Northern,Northern District
3.76,2411,10.88,,14506590.8512878,21339.1691664372,1136,Jesus Maria,334,1111/01/11 00:00:00+00,,,3,Northern,Northern District
2.68,1705,6.86,,10744657.0382466,13751.2216142893,1137,King City (ABD),350,1111/01/11 00:00:00+00,,,3,Northern,Northern District
13.36,8584,25.23,,51550137.1542202,49633.266063115,1138,Lompoc,410,1111/01/11 00:00:00+00,,,3,Northern,Northern District
2.48,1603,6.91,,9841929.98982995,13808.2463228321,1139,Los Alamos,420,1111/01/11 00:00:00+00,,,3,Northern,Northern District
2.58,1673,6.56,,10119360.5784701,13032.8011514439,1140,Lynch Canyon,436,1111/01/11 00:00:00+00,,,3,Northern,Northern District
3.21,2141,7.2,,13429646.4370349,14690.318532149,1141,McCool Ranch,448,1111/01/11 00:00:00+00,,,3,Northern,Northern District
2.51,1612,7.97,,10030031.9727254,15930.3138788491,1142,Monroe Swell,474,1111/01/11 00:00:00+00,,,3,Northern,Northern District
2.32,1483,6.09,,8881445.35494619,11917.3105968866,1143,Morales Canyon,486,1111/01/11 00:00:00+00,,,3,Northern,Northern District
1.38,883.6,4.84,,5315524.43634158,9503.76154319967,1144,"Harris Canyon, Northwest (ABD)",295,1111/01/11 00:00:00+00,,,3,Northern,Northern District
17.08,11010,21.03,,66333960.8227279,41375.9598654599,1145,Orcutt,524,1111/01/11 00:00:00+00,,,3,Northern,Northern District
1.02,651.9,4.04,,3946284.97013774,7946.89666490119,1146,Quinado Canyon (ABD),580,1111/01/11 00:00:00+00,,,3,Northern,Northern District
6.91,4431,16.87,,26868608.9832836,33218.0424306376,1147,Russell Ranch,632,1111/01/11 00:00:00+00,,,3,Northern,Northern District
20.57,13180,21.83,,81465410.5606995,43576.0659489846,1148,San Ardo,644,1111/01/11 00:00:00+00,,,3,Northern,Northern District
0.95,606.7,3.9,,3690530.66389321,7681.01870640059,1149,Sisquoc Ranch (ABD),711,1111/01/11 00:00:00+00,,,3,Northern,Northern District
9.66,6334,16.15,,37439584.4045585,31790.7956718411,1150,"Cuyama, South",188,1111/01/11 00:00:00+00,,,3,Northern,Northern District
8.81,5665,15.25,,34012162.856646,29882.2698271313,1151,Zaca,860,1111/01/11 00:00:00+00,,,3,Northern,Northern District
4.54,2904,10.87,,17586483.9707501,21372.6667596342,1152,Huasna,318,1111/01/11 00:00:00+00,,,3,Northern,Northern District
3.82,2452,7.85,,14681057.7986734,15347.3418290802,1153,Lopez Canyon (ABD),418,1111/01/11 00:00:00+00,,,3,Northern,Northern District
3.74,2394,10,,14899058.1343322,19891.8304039831,1154,Paris Valley,534,1111/01/11 00:00:00+00,,,3,Northern,Northern District
0.27,171.7,2.07,,1051627.65642312,4103.26302438369,1155,"Cuyama, Central (ABD)",186,1111/01/11 00:00:00+00,,,3,Northern,Northern District
1.86,1191,5.91,,7138503.5609721,11558.1013434548,1156,Summerland (ABD),724,1111/01/11 00:00:00+00,,,3,Northern,Northern District
2.02,1328,6.5,,8049599.73306018,12740.4143957619,1157,Alegria (ABD),006,1111/01/11 00:00:00+00,,,3,Northern,Northern District
1.9,1238,5.51,,7386828.17893702,10884.562920868,1158,Capitan (ABD),114,1111/01/11 00:00:00+00,,,3,Northern,Northern District
5.44,3605,11.65,,21595200.9317882,22944.8877434904,1159,Elwood,234,1111/01/11 00:00:00+00,,,3,Northern,Northern District
1.91,1305,5.81,,7774710.54985765,11772.8709931861,1160,La Goleta Gas,368,1111/01/11 00:00:00+00,,,3,Northern,Northern District
1.41,869.3,5.27,,5199975.02226272,10080.9301922136,1161,Mesa (ABD),462,1111/01/11 00:00:00+00,,,3,Northern,Northern District
1.52,1024,5.03,,6111058.28714674,10125.7309758892,1162,Refugio Cove Gas (ABD),594,1111/01/11 00:00:00+00,,,3,Northern,Northern District
1,619.5,3.99,,3693966.63617497,7687.91374373112,1163,Glen Annie Gas (ABD),268,1111/01/11 00:00:00+00,,,3,Northern,Northern District
0.52,317.3,3.02,,1938778.20308342,5872.38190652233,1164,Goleta (ABD),270,1111/01/11 00:00:00+00,,,3,Northern,Northern District
0.98,647.5,3.96,,3792669.68442616,7808.89343111065,1165,Las Varas Canyon (ABD),388,1111/01/11 00:00:00+00,,,3,Northern,Northern District
2.12,1402,6.59,,8273378.18034154,12831.1175885403,1166,San Miguelito,658,1111/01/11 00:00:00+00,,,3,Northern,Northern District
9.68,6212,18.89,,37070373.0479532,36885.7711338903,1167,South Mountain,714,1111/01/11 00:00:00+00,,,2,Northern,Northern District
1.21,795.7,4.56,,4771849.43123567,9040.09853674843,1168,West Mountain,830,1111/01/11 00:00:00+00,,,2,Northern,Northern District
4.72,3052,15.08,,18163037.2623513,29405.2393870733,1169,Fillmore,246,1111/01/11 00:00:00+00,,,2,Northern,Northern District
3.74,2394,8.56,,14490766.6673281,16634.5467785103,1170,Bardsdale,036,1111/01/11 00:00:00+00,,,2,Northern,Northern District
4.85,3093,10,,18710208.774904,19540.4102278246,1171,Shiells Canyon,708,1111/01/11 00:00:00+00,,,2,Northern,Northern District
25.08,16180,20.5,,95866037.2059488,40174.4282686213,1172,Sespe,694,1111/01/11 00:00:00+00,,,2,Northern,Northern District
1.17,747.3,5,,4487365.77969278,9702.8665541095,1173,Chaffee Canyon,130,1111/01/11 00:00:00+00,,,2,Northern,Northern District
1.81,1172,5.9,,6915985.29577115,11756.993739885,1174,Torrey Canyon,784,1111/01/11 00:00:00+00,,,2,Northern,Northern District
4.37,2724,9.17,,16181364.3395148,17972.009346915,1175,Oakridge,514,1111/01/11 00:00:00+00,,,2,Northern,Northern District
0.11,108.7,1.39,,647028.13330289,3337.9268340018,1176,Tapo Ridge,748,1111/01/11 00:00:00+00,,,2,Northern,Northern District
1.14,813.5,5.17,,4857581.96471579,10391.3610956431,1177,Santa Susana,672,1111/01/11 00:00:00+00,,,2,Northern,Northern District
1.3,831.4,5.08,,4950998.53611964,9845.10126575212,1178,"Tapo Canyon, South",746,1111/01/11 00:00:00+00,,,2,Northern,Northern District
0.73,464.4,4.41,,2811146.18401778,8697.74100512511,1179,Big Mountain,056,1111/01/11 00:00:00+00,,,2,Northern,Northern District
0.9,590.4,4.45,,3514497.32397078,8775.82016496044,1180,Oak Park,512,1111/01/11 00:00:00+00,,,2,Northern,Northern District
11.54,7386,22.03,,43991920.1347982,43033.810685611,1181,Simi,710,1111/01/11 00:00:00+00,,,2,Northern,Northern District
3.07,2004,7.09,,11812909.9457317,13895.6482323837,1182,Hopper Canyon,310,1111/01/11 00:00:00+00,,,2,Northern,Northern District
4.1,2664,8.13,,15880761.0062593,16077.8245424021,1183,Piru (ABD),546,1111/01/11 00:00:00+00,,,2,Northern,Northern District
3.35,2183,8.86,,12859803.9412462,17383.9132784793,1184,Temescal,764,1111/01/11 00:00:00+00,,,2,Northern,Northern District
0.11,67.46,1.43,,404372.97312114,2681.47364771609,1185,Piru Creek (ABD),548,1111/01/11 00:00:00+00,,,2,Northern,Northern District
1.16,713.7,4.56,,4279314.79024067,8768.28443431934,1186,"Tapo, North",744,1111/01/11 00:00:00+00,,,2,Northern,Northern District
1.47,1039,4.93,,6222167.87358641,10204.751865444,1187,Eureka Canyon,242,1111/01/11 00:00:00+00,,,2,Northern,Northern District
0.93,665,5.2,,3903613.41458673,10921.6177065903,1188,El Rio (ABD),230,1111/01/11 00:00:00+00,,,2,Northern,Northern District
12.12,7928,14.4,,46859123.3821007,28824.6805077308,1189,Oxnard,530,1111/01/11 00:00:00+00,,,2,Northern,Northern District
1.37,938.5,8.15,,5891152.05615748,16420.6246276809,1190,Santa Clara Avenue,662,1111/01/11 00:00:00+00,,,2,Northern,Northern District
6.04,3892,10.01,,23090345.8350627,19636.3486637763,1191,Conejo (ABD),170,1111/01/11 00:00:00+00,,,2,Northern,Northern District
0.77,483.6,4.17,,2877694.79627294,8191.67708899273,1192,Oakview (ABD),516,1111/01/11 00:00:00+00,,,2,Northern,Northern District
0.57,333.3,3.31,,1990563.18561949,6236.9058675627,1193,Long Canyon (ABD),416,1111/01/11 00:00:00+00,,,2,Northern,Northern District
0.78,618.2,3.76,,3438861.34392276,8127.53182301667,1194,Moorpark (ABD),484,1111/01/11 00:00:00+00,,,2,Northern,Northern District
1.37,916.3,6.5,,5441736.70845343,13082.2334718935,1195,Moorpark West,485,1111/01/11 00:00:00+00,,,2,Northern,Northern District
1.03,661.7,4.06,,3937440.43357513,7937.09546647147,1196,Somis (ABD),712,1111/01/11 00:00:00+00,,,2,Northern,Northern District
1.55,1008,7.15,,5989336.91772406,14148.0349787768,1197,Las Posas (ABD),386,1111/01/11 00:00:00+00,,,2,Northern,Northern District
4.45,2843,8.96,,17046127.2800925,17593.8153882089,1198,Timber Canyon,774,1111/01/11 00:00:00+00,,,2,Northern,Northern District
18.2,11060,20.46,,65757977.1771853,39666.997424852,1199,Ventura,814,1111/01/11 00:00:00+00,,,2,Northern,Northern District
0.11,70.97,1.37,,417917.09331994,2662.14814369525,1200,Canada Larga,102,1111/01/11 00:00:00+00,,,2,Northern,Northern District
14.57,9357,25.26,,54683321.5101066,42090.7018449282,1201,Santa Paula (ABD),670,1111/01/11 00:00:00+00,,,2,Northern,Northern District
3.82,34050,8.2,,203236151.966284,77126.789956869,1202,Ojai,520,1111/01/11 00:00:00+00,,,2,Northern,Northern District
3.99,2553,9.98,,15123336.3473249,19441.6650048076,1203,Cabrillo,091,1111/01/11 00:00:00+00,,,2,Northern,Northern District
3.19,2044,14.86,,12334972.7335758,29223.9898252111,1204,Saticoy,678,1111/01/11 00:00:00+00,,,2,Northern,Northern District
17.2,10890,23.23,,63945262.8107812,44965.7997437645,1205,Huntington Beach,320,1111/01/11 00:00:00+00,,,1,Southern,Southern District
6.5,4094,12.31,,23701122.7013185,23479.8989460915,1206,"Newport, West",504,1111/01/11 00:00:00+00,,,1,Southern,Southern District
13.3,8492,16.81,,50374223.6327882,31825.9696778591,1207,"Montalvo, West",476,1111/01/11 00:00:00+00,,,2,Northern,Northern District
0.05,32.17,0.9,,161119.869724415,1634.64870448399,1208,Rincon Creek (ABD),601,1111/01/11 00:00:00+00,,,2,Northern,Northern District
,,,,4333011.35330209,8330.12395864753,1209,Taylor Canyon (ABD),750,2014/10/22 00:00:00+00,,,3,Northern,Northern District
30.33,15711.84,52,,99133636.4622643,64011.1731532914,1210,"Belridge, South",052,2016/12/22 00:00:00+00,,1984/01/01 00:00:00+00,4,Inland,Inland District
